Cricket,https://www.espncricinfo.com/,1
RN BB,https://www.espn.com/college-sports/basketball/recruiting/,2
RN FB,https://www.espn.com/college-sports/football/recruiting/,3
Listen,https://www.espn.com/espnradio/index,4
Watch,https://www.espn.com/watch/,5
ESPN+,https://www.espn.com/espnplus/?om-navmethod=topnav,6
SUBSCRIBE NOW,https://secure.web.plus.espn.com/billing/purchase/ESPN_PURCHASE_CMPGN/ESPN_PURCHASE_VOCHR/YESPN?start=login&locale=en_US&om-navmethod=LRailSubscribe,7
"


UFC Fight Night: Santos vs. Walker

",https://www.espn.com/watch/player?id=3155ebde-85e1-4059-9bd5-941b0d3ce97d,8
"


Dana White's Contender Series

",https://www.espn.com/watch/catalog/3b9a50f1-caad-4250-918f-b15d884b6608,9
"


NFL PrimeTime

",https://www.espn.com/watch/series/a3b8be9f-604b-4423-9f47-d267a4a04cf7/nfl-primetime-on-espn-,10
"


MLS Live

",https://www.espn.com/watch/catalog/5dc48c8d-fae5-4f6e-b01b-2ba86ff74239,11
"


LaLiga

",https://www.espn.com/watch/catalog/cf7b0c51-7c48-3e9a-8abb-0c01b1a973a0,12
"


IPL Cricket

",https://www.espn.com/watch/catalog/38d24419-7a92-34a3-abb0-16a808da8f1b,13
"


NHL: Select Preseason Games

",https://www.espn.com/espnplus/collections/40920/nhl-live-upcoming,14
"


Fantasy Football: Week 4 Waiver Wire

",https://www.espn.com/fantasy/football/insider/story/_/id/32290900/fantasy-football-waiver-wire-nfl-week-4-rb-replacements-top-pickups,15
"


MLB Playoff Tracker

",https://www.espn.com/mlb/story/_/id/32202247/2021-mlb-playoffs-who-clinch-next-full-playoff-schedule-world-series,16
"


College Football Rankings

",https://www.espn.com/college-football/rankings,17
"


How To Watch NHL games

",https://www.espn.com/nhl/story/_/id/32220292/how-watch-nhl-games-espn-abc-espn+-hulu,18
"


Fantasy Basketball: Sign Up

",https://fantasy.espn.com/basketball/welcome?addata=quick_links_fba2022,19
"


Fantasy Hockey: Sign Up

",https://fantasy.espn.com/hockey/welcome?addata=fhl_2022_quick_links,20
"


Games For Me

",https://fantasy.espn.com/free-prize-games,21
"


ESPN Deportes

",https://espndeportes.espn.com,22
"


The Undefeated

",https://theundefeated.com,23
"


ESPNFC

",https://www.espn.com/soccer/,24
"


SEC Network

",https://www.secsports.com,25
"


Facebook

",https://www.facebook.com/ESPN,26
"


Twitter

",https://twitter.com/espn,27
"


Instagram

",https://www.instagram.com/espn/,28
"


Snapchat

",https://www.snapchat.com/discover/ESPN/7296089122,29
"


YouTube

",https://www.youtube.com/channel/UCiWLfSweyRNmLpgEHekhoAg?ex_cid=espn-left-nav-follow-us-youtube,30
Mark J. Terrill/AP Photolive,https://www.espn.com/watch/player/_/om-navmethod/espn%3Ahome%3Afeed%2Bdefault/id/ef5e07ff-7d67-4254-aa8d-652d278eaed2,31
MLB SCOREBOARDTUESDAY'S IMPACT GAMES,https://www.espn.com/mlb/scoreboard,32
See All,https://www.espn.com/mlb/scoreboard,33
Standings,https://www.espn.com/mlb/standings,34
Create A League,https://fantasy.espn.com/basketball/welcome?addata=right_rail_create,35
Join a Public League,https://fantasy.espn.com/basketball/welcome?addata=right_rail_join,36
Reactivate a League,https://fantasy.espn.com/basketball/tools/reactivate?seasonId=2020&addata=right_rail_reactivate,37
Practice With a Mock Draft,https://fantasy.espn.com/basketball/mockdraftlobby?addata=right_rail_mock,38
Create A League,https://fantasy.espn.com/hockey/welcome?addata=fhl_2021_right_rail_create,39
Join a Public League,https://fantasy.espn.com/hockey/welcome?addata=fhl_2021_right_rail_join,40
Reactivate a League,https://fantasy.espn.com/hockey/tools/reactivate?seasonId=2020&addata=fhl_2021_right_rail_reactivate,41
Practice with a Mock Draft,https://fantasy.espn.com/hockey/mockdraftlobby?addata=fhl_2021_right_rail_mock,42
,https://www.espn.com/watch/catalog/cf7b0c51-7c48-3e9a-8abb-0c01b1a973a0,43
Watch every game live in English or Spanish,https://www.espn.com/watch/catalog/cf7b0c51-7c48-3e9a-8abb-0c01b1a973a0,44
,https://www.espn.com/watch/catalog/ba71d463-f720-45ed-ab36-8c16888bc00d?ex_cid=ESPN-ESPN-Owned_Editorial_Placement-Right_Rail-Evergreen-TheUndefeated_on_ESPNPlus-TheUndefeatedonESPNPlus_HomepageRightRail_CelebrateBHM-US-EN,45
Celebrate Black History,https://www.espn.com/watch/catalog/ba71d463-f720-45ed-ab36-8c16888bc00d?ex_cid=ESPN-ESPN-Owned_Editorial_Placement-Right_Rail-Evergreen-TheUndefeated_on_ESPNPlus-TheUndefeatedonESPNPlus_HomepageRightRail_CelebrateBHM-US-EN,46
"


UFC Fight Night: Santos vs. Walker

",https://www.espn.com/watch/player?id=3155ebde-85e1-4059-9bd5-941b0d3ce97d,47
"


Dana White's Contender Series

",https://www.espn.com/watch/catalog/3b9a50f1-caad-4250-918f-b15d884b6608,48
"


NFL PrimeTime

",https://www.espn.com/watch/series/a3b8be9f-604b-4423-9f47-d267a4a04cf7/nfl-primetime-on-espn-,49
"


MLS Live

",https://www.espn.com/watch/catalog/5dc48c8d-fae5-4f6e-b01b-2ba86ff74239,50
"


LaLiga

",https://www.espn.com/watch/catalog/cf7b0c51-7c48-3e9a-8abb-0c01b1a973a0,51
"


IPL Cricket

",https://www.espn.com/watch/catalog/38d24419-7a92-34a3-abb0-16a808da8f1b,52
"


NHL: Select Preseason Games

",https://www.espn.com/espnplus/collections/40920/nhl-live-upcoming,53
"


Fantasy Football: Week 4 Waiver Wire

",https://www.espn.com/fantasy/football/insider/story/_/id/32290900/fantasy-football-waiver-wire-nfl-week-4-rb-replacements-top-pickups,54
"


MLB Playoff Tracker

",https://www.espn.com/mlb/story/_/id/32202247/2021-mlb-playoffs-who-clinch-next-full-playoff-schedule-world-series,55
"


College Football Rankings

",https://www.espn.com/college-football/rankings,56
"


How To Watch NHL games

",https://www.espn.com/nhl/story/_/id/32220292/how-watch-nhl-games-espn-abc-espn+-hulu,57
"


Fantasy Basketball: Sign Up

",https://fantasy.espn.com/basketball/welcome?addata=quick_links_fba2022,58
"


Fantasy Hockey: Sign Up

",https://fantasy.espn.com/hockey/welcome?addata=fhl_2022_quick_links,59
"


Games For Me

",https://fantasy.espn.com/free-prize-games,60
"


ESPN Deportes

",https://espndeportes.espn.com,61
"


The Undefeated

",https://theundefeated.com,62
"


ESPNFC

",https://www.espn.com/soccer/,63
"


SEC Network

",https://www.secsports.com,64
"


Facebook

",https://www.facebook.com/ESPN,65
"


Twitter

",https://twitter.com/espn,66
"


Instagram

",https://www.instagram.com/espn/,67
"


Snapchat

",https://www.snapchat.com/discover/ESPN/7296089122,68
"


YouTube

",https://www.youtube.com/channel/UCiWLfSweyRNmLpgEHekhoAg?ex_cid=espn-footer-follow-us-youtube,69
Terms of Use,https://disneytermsofuse.com/english/,70
Privacy Policy,https://privacy.thewaltdisneycompany.com/en/current-privacy-policy/,71
Your California Privacy Rights,https://disneyprivacycenter.com/notice-to-california-residents/,72
Children's Online Privacy Policy,https://disneyprivacycenter.com/kids-privacy-policy/english/,73
Do Not Sell My Info,https://privacy.thewaltdisneycompany.com/en/dnsmi/,74
Contact Us,https://www.espn.com/espn/news/story?page=contact-index,75
Disney Ad Sales Site,https://disneyadsales.com/,76
Work for ESPN,https://jobs.disneycareers.com/espn,77
